grade,track,title,bekit_tasks,missing_to_ten
1,base,"20 көлеміндегі сандардың құрамы",10,0
1,base,"100-ге дейінгі сандарды оқу, жазу және салыстыру",10,0
1,base,"Қосындыны және айырманы табу",10,0
1,base,"Қосу мен азайтудың өзара байланысы",10,0
1,base,"Қосу мен азайтудың компоненттері",10,0
1,base,"20 көлемінде ондықтан аттап қосу және азайту",10,0
1,base,"Өрнектерді оқу, жазу және мәнін табу",10,0
1,base,"Санды өрнек пен теңдікті ажырату",10,0
1,base,"Белгісіз компонентті табу",10,0
1,base,"Қарапайым мәтінді есептерді шығару",10,0
1,base,"Есептің шартын, сұрағын және шешуін анықтау",10,0
1,base,"Ұзындықты өлшеу және салыстыру",10,0
1,base,"Уақыт: сағат, минут, тәулік",10,0
1,base,"Геометриялық фигуралар және олардың қасиеттері",10,0
1,logic,"Заттарды санау",10,0
1,logic,"Заттарды салыстыру",10,0
1,logic,"Біріктіру және бөліп алу",10,0
1,logic,"Мөлшер және сан",10,0
1,logic,"1–10 көлеміндегі сандар",10,0
1,logic,"Сандар әлемі туралы ертегі",10,0
1,logic,"Сан және санау",10,0
1,logic,"Неше? Нешінші?",10,0
1,logic,"Сандар тізбегінен заңдылықты табу",10,0
1,logic,"Қарапайым фигураларды тану",10,0
1,logic,"Фигуралардан заңдылықты табу",10,0
1,logic,"Сиқырлы фигураларға сандарды толтыру",10,0
1,logic,"Есептеу және сәйкестендіру",10,0
1,logic,"Мәтін есептер",10,0
1,logic,"Жылдам есептеу",10,0
2,base,"100 көлеміндегі сандардың разрядтық құрамы",10,0
2,base,"1000 көлеміндегі сандарды оқу және жазу",10,0
2,base,"Үш таңбалы сандарды салыстыру",10,0
2,base,"100 көлемінде қосу және азайту",10,0
2,base,"Жүздіктен аттап қосу және азайту",10,0
2,base,"Көбейту ұғымы және көбейту кестесі",10,0
2,base,"2, 3, 4, 5-ке көбейту және бөлу",10,0
2,base,"6, 7, 8, 9-ға көбейту және бөлу",10,0
2,base,"Көбейту мен бөлудің өзара байланысы",10,0
2,base,"Белгісіз көбейткішті, бөлінгішті, бөлгішті табу",10,0
2,base,"Екі амалмен шығарылатын мәтінді есептер",10,0
2,base,"Есептерді сызба, қысқаша шарт арқылы шығару",10,0
2,base,"Өрнектердегі амалдардың орындалу реті",10,0
2,base,"Шамалар: ұзындық, масса, уақыт, көлем",10,0
2,base,"Геометриялық фигуралардың периметрі",10,0
2,logic,"Тиімді тәсілмен есептеу",10,0
2,logic,"Теңдеу",10,0
2,logic,"Өлшем бірліктері және оларды салыстыру",10,0
2,logic,"Сызба салу және кесте құру",10,0
2,logic,"Кері шегіну",10,0
2,logic,"Қарапайым логика",10,0
2,logic,"Тақ сан және жұп сан",10,0
2,logic,"Қарапайым комбинаторика",10,0
2,logic,"Периметр",10,0
2,logic,"Аралық санау және кесу",10,0
2,logic,"Ағаш егу",10,0
2,logic,"Өлшеу және құю",10,0
3,base,"1000 көлеміндегі сандардың разрядтық құрамы",10,0
3,base,"Үш таңбалы сандарды қосу және азайту",10,0
3,base,"Қосу мен азайтудың жазбаша тәсілдері",10,0
3,base,"Бір таңбалы санға көбейту және бөлу",10,0
3,base,"Екі таңбалы санды бір таңбалы санға көбейту",10,0
3,base,"Екі таңбалы санды бір таңбалы санға бөлу",10,0
3,base,"Көбейту мен бөлудің қасиеттері",10,0
3,base,"Амалдардың орындалу реті",10,0
3,base,"Өрнектерді тиімді тәсілмен есептеу",10,0
3,base,"Белгісіз компоненттерді табу",10,0
3,base,"Екі-үш амалмен шығарылатын мәтінді есептер",10,0
3,base,"Қозғалысқа байланысты қарапайым есептер",10,0
3,base,"Бірлік шамалар және шамалардың арасындағы байланыс",10,0
3,base,"Периметр және фигураның ауданын түсіну",10,0
3,base,"Логикалық және бірнеше шешімі бар есептер",10,0
3,logic,"Тиімді тәсіл: қосу және азайту",10,0
3,logic,"Сандармен логика",10,0
3,logic,"Сандар қатарының заңдылығы",10,0
3,logic,"Мәтін есептер",10,0
3,logic,"Қарапайым фигураларды санау",10,0
3,logic,"Қарапайым комбинаторика",10,0
3,logic,"Үлес",10,0
3,logic,"Санның бөлігін табу және бөлігі бойынша санды табу",10,0
3,logic,"Аудан",10,0
3,logic,"Жиын",10,0
3,logic,"Қосынды айырма",10,0
3,logic,"Қосынды еселік",10,0
3,logic,"Еселік айырма",10,0
3,logic,"Жасқа байланысты есептер",10,0
3,logic,"Жорамалдау тәсілі",10,0
4,base,"Көптаңбалы сандарды оқу, жазу және салыстыру",10,0
4,base,"Көптаңбалы сандардың разрядтық құрамы",10,0
4,base,"Көптаңбалы сандарды жазбаша қосу",10,0
4,base,"Көптаңбалы сандарды жазбаша азайту",10,0
4,base,"Көптаңбалы санды бір таңбалы санға көбейту",10,0
4,base,"Көптаңбалы санды екі таңбалы санға көбейту",10,0
4,base,"Көптаңбалы санды бір және екі таңбалы санға бөлу",10,0
4,base,"Қалдықпен бөлу",10,0
4,base,"Амалдардың орындалу реті және жақшалы өрнектер",10,0
4,base,"Теңдеу және күрделі теңдеулерді шешу",10,0
4,base,"Қозғалысқа байланысты есептер: жылдамдық, уақыт, қашықтық",10,0
4,base,"Бірнеше шаманың арасындағы тәуелділік",10,0
4,base,"Бөлшек ұғымы және бөлшектерді салыстыру",10,0
4,base,"Тік төртбұрыш пен шаршының ауданы және периметрі",10,0
4,base,"Күрделі, логикалық және стандартты емес мәтінді есептер",10,0
4,logic,"Сан және цифр",10,0
4,logic,"Арифметикалық тепе-теңдіктер",10,0
4,logic,"Логикалық амалдар",10,0
4,logic,"Қарапайым периодтық есептер",10,0
4,logic,"Жою тәсілі",10,0
4,logic,"Аудан",10,0
4,logic,"Қозғалысқа берілген есептер",10,0
4,logic,"Тепе-теңдік есептері",10,0
4,logic,"Комбинаторика",10,0
4,logic,"Тиімді тәсіл: көбейту және бөлу",10,0
4,logic,"Артық қалу және жетпей қалу мәселесі",10,0
